name,email,phone
Lina Boyle,sandy.wuckert@hotmail.com,(305) 200-3425
Nick Frami,cletus.hegmann@gmail.com,(505) 548-9908
Reena Gulgowski,dewayne.brakus@yahoo.com,(563) 747-5957
Tiffaney Shields,charlena.oberbrunner@gmail.com,(983) 285-9686
Mr. Coralie Mayer,candi.steuber@hotmail.com,(305) 408-3766
Mr. Ramiro Wintheiser,sang.ziemann@yahoo.com,(224) 502-9791
Henry Gutkowski,mendy.rodriguez@gmail.com,(472) 780-6622
Dr. Kendrick Rau,luci.ankunding@hotmail.com,(505) 642-6895
Ms. Estrella Schaden,mohammad.kutch@yahoo.com,(917) 347-4869
Emile Jacobi,edward.walsh@yahoo.com,(464) 652-9234
Porfirio Schmidt,dessie.rowe@yahoo.com,(305) 289-2854
Natividad Cummerata,truman.mills@gmail.com,(276) 297-3339
Dr. Will Koch,angele.kub@yahoo.com,(305) 260-9294
Gene Kub,rosetta.bednar@hotmail.com,(220) 285-6681
Mr. Kasha Beier,kareem.schoen@gmail.com,(620) 524-9572
Charisse Dibbert,salvatore.carroll@gmail.com,(983) 820-5234
Dona DuBuque,renato.kreiger@gmail.com,(402) 628-4081
Krystle White,dwayne.pagac@gmail.com,(702) 776-6613
Delmar Satterfield,lisandra.emard@gmail.com,(305) 591-2837
Wilber Thiel,stormy.hessel@hotmail.com,(531) 814-2196
Lee Cassin,craig.ankunding@hotmail.com,(820) 695-9345
Kristopher Lang,wendell.zieme@gmail.com,(305) 203-7794
Grisel Strosin PhD,jean.schmidt@hotmail.com,(505) 761-9595
Azzie Oberbrunner,leonarda.erdman@yahoo.com,(472) 747-9623
Young Ankunding,ed.nikolaus@yahoo.com,(505) 644-5147
Caleb Hauck,oswaldo.watsica@gmail.com,(520) 909-7852
Daniel Runolfsson,brenton.greenfelder@hotmail.com,(516) 297-4184
Katelynn Pollich,cameron.kunze@gmail.com,(472) 763-9646
Noe Prohaska,dakota.schulist@gmail.com,(408) 731-3393
Wes Jones,broderick.douglas@hotmail.com,(505) 648-2447
Ashley Heaney,neil.gleason@gmail.com,(305) 204-2521
Johnathan Williamson,dannette.beahan@hotmail.com,(305) 491-4883
Joie Jacobs IV,rosie.purdy@yahoo.com,(305) 207-4220
Sanora Koelpin II,johnetta.murazik@yahoo.com,(305) 226-2751
Mrs. Nelle Wunsch,rey.rohan@yahoo.com,(505) 644-4851
Marquetta Gaylord,christel.graham@gmail.com,(472) 983-9030
Kimberly O'Hara,darron.ullrich@hotmail.com,(305) 205-1155
Miss Elida Corwin,arron.jenkins@gmail.com,(931) 839-8431
Vincenza Dach V,shaneka.johns@hotmail.com,(305) 206-8040
Karon Graham I,troy.considine@hotmail.com,(469) 693-8538
Adelia Dicki,jayson.renner@hotmail.com,(325) 785-6408
Eleonore Bradtke,lia.morissette@gmail.com,(505) 635-1571
Nida Legros V,patty.oconner@yahoo.com,(305) 270-5135
Miss Valentin Boyle,donnie.durgan@gmail.com,(910) 411-0901
Monika Hessel,ardelia.monahan@yahoo.com,(305) 245-9840
Joseph Cassin,august.hills@hotmail.com,(274) 271-6947
Hermelinda Medhurst,veronica.rutherford@gmail.com,(472) 964-1214
Duncan Nolan,inger.rice@yahoo.com,(305) 208-5737
Benton Koch,darell.becker@hotmail.com,(712) 826-1092
Ulysses Koepp,trevor.murray@hotmail.com,(505) 682-5789
Warren Wisozk,keturah.kihn@hotmail.com,(983) 978-8043
Thomas Bruen,zella.friesen@gmail.com,(505) 673-6304
Lakendra Ondricka,sherice.runolfsdottir@yahoo.com,(305) 208-8963
Rosendo Jakubowski,colin.auer@hotmail.com,(305) 422-8318
Luvenia Wisoky,mike.medhurst@yahoo.com,(505) 795-6282
Mrs. Nichelle Erdman,tracy.schmeler@gmail.com,(616) 263-0231
Miquel Willms V,cristi.weber@gmail.com,(274) 257-1080
Marth Fadel,nickolas.zulauf@hotmail.com,(786) 640-9428
Fallon Hills,jarod.davis@gmail.com,(863) 537-8931
Phung Bode,frederica.monahan@gmail.com,(505) 644-3451
Kaila Boehm,randall.gorczany@hotmail.com,(472) 906-7974
Jalisa Fay DDS,enda.ortiz@hotmail.com,(279) 214-9020
Marlen Tromp II,kelsi.greenfelder@gmail.com,(386) 976-5409
Wilbert Kilback,colton.leffler@yahoo.com,(505) 643-1436
Bobbye Hamill,lon.dietrich@yahoo.com,(472) 741-1512
Bruce Blick,austin.torphy@gmail.com,(567) 573-0902
Eugene Emard,parker.gutkowski@hotmail.com,(505) 671-2821
Manuela Flatley III,berry.renner@gmail.com,(505) 630-7395
Miss Lorinda Gottlieb,kathaleen.reichert@hotmail.com,(505) 681-9480
Mrs. Alphonso Lowe,clemente.heaney@gmail.com,(726) 333-6230
Cedrick Murray,kelley.nolan@hotmail.com,(539) 566-5837
Alan Muller,candis.ritchie@yahoo.com,(505) 600-4021
Hollie Haag,vanessa.ward@yahoo.com,(305) 249-8413
Delpha Simonis,dann.stiedemann@yahoo.com,(380) 942-9223
Marina Barrows,williams.fay@hotmail.com,(505) 846-6789
Abram Pollich II,ayana.smith@hotmail.com,(505) 644-3538
Dr. Jaunita Hand,sophie.conn@yahoo.com,(332) 601-5832
Grant Balistreri III,janyce.schowalter@gmail.com,(305) 279-1031
Tuan Doyle,ron.quitzon@yahoo.com,(305) 203-2318
Darron Goodwin,marquis.baumbach@yahoo.com,(274) 207-1264
Lloyd Spinka,alfred.windler@gmail.com,(305) 742-8724
Ahmad Grimes,mac.krajcik@gmail.com,(305) 214-2530
Michael Schowalter,dan.hagenes@gmail.com,(305) 340-8826
Lawerence Wolff,carlo.bechtelar@gmail.com,(305) 216-0513
Carrol Corwin III,augustina.dare@gmail.com,(505) 642-8887
Delena Fahey,harry.schaefer@yahoo.com,(305) 857-5169
Dr. Harvey Fisher,mauricio.paucek@yahoo.com,(505) 663-0723
Broderick Boyle III,wiley.mohr@hotmail.com,(602) 906-1710
Janee Williamson IV,joey.boyer@yahoo.com,(773) 639-5692
Hugo Buckridge,lorretta.kiehn@yahoo.com,(862) 479-9474
Muriel Buckridge,milo.pagac@hotmail.com,(754) 996-3121
Simonne Kilback,kenton.ledner@yahoo.com,(657) 213-8727
Ms. Nieves Dach,teodoro.romaguera@yahoo.com,(505) 640-0156
Dirk Marvin,leland.stanton@gmail.com,(239) 880-5338
Wilbert D'Amore,ross.rohan@gmail.com,(472) 245-6898
Mrs. Miquel Hermann,vickey.nolan@hotmail.com,(983) 452-6779
Barabara Predovic,deidra.treutel@gmail.com,(505) 442-0858
Beth Fritsch III,harry.koelpin@yahoo.com,(227) 315-3205
Lachelle Stroman,becky.durgan@hotmail.com,(505) 654-1007
Arlie Beier,chang.tromp@yahoo.com,(983) 324-4920
Earlene Yost III,melodee.rowe@hotmail.com,(305) 235-5082
Eldora Keebler I,dominique.koepp@yahoo.com,(582) 803-4510
Mariana Lesch II,enrique.simonis@hotmail.com,(472) 762-1328
Kay Friesen,noriko.nader@hotmail.com,(305) 480-7948
Chasity Treutel,johana.williamson@gmail.com,(305) 203-3722
Marquetta Quitzon,david.wyman@gmail.com,(305) 259-4198
Regine Cole,wiley.kertzmann@hotmail.com,(762) 676-7340
Dr. Samira Muller,aldo.erdman@yahoo.com,(240) 475-3741
Hosea Anderson,johanna.schultz@yahoo.com,(305) 208-5908
Amado Klein,saul.rogahn@hotmail.com,(305) 237-8595
Dorthea McCullough,abe.von@gmail.com,(305) 264-2213
Shaun Runolfsson,dennis.kohler@hotmail.com,(820) 253-2723
Lenore Goldner V,israel.torphy@hotmail.com,(472) 488-5826
Jay Denesik,virgen.upton@hotmail.com,(561) 491-5246
Emmitt Schamberger,wally.green@hotmail.com,(747) 631-4447
Terence Torp,virgina.braun@yahoo.com,(540) 962-8658
Karyn Huel,domonique.bailey@yahoo.com,(274) 222-1824
Kelley Mitchell IV,benton.vandervort@hotmail.com,(919) 978-5249
Gabriele Torphy,vernie.harris@hotmail.com,(472) 832-2987
Venessa Romaguera,roger.cartwright@gmail.com,(870) 662-6088
Mohamed Kertzmann,garrett.stanton@gmail.com,(531) 935-6214
Ms. Chi Gottlieb,brynn.gutkowski@yahoo.com,(274) 234-0411
Teresa Kemmer,lucius.effertz@gmail.com,(305) 282-9133
Naida Corwin Jr.,jerica.williamson@hotmail.com,(505) 646-1163
Andrea McLaughlin,hayden.schoen@hotmail.com,(434) 299-9938
Calvin Hyatt II,camie.spinka@gmail.com,(760) 332-9943
Ross Rosenbaum,loreen.schowalter@gmail.com,(417) 571-9285
Francis Funk,roxie.damore@hotmail.com,(505) 648-8264
Mr. Emerson Bode,valentina.ankunding@gmail.com,(505) 678-3027
Leonore Kessler,augustus.kihn@yahoo.com,(305) 324-0539
Mammie Davis,marnie.waelchi@gmail.com,(469) 721-5036
Armando Schmitt,ignacio.lang@hotmail.com,(305) 200-7177
Dollie Keebler III,angila.altenwerth@hotmail.com,(425) 273-1916
Patricia Pfeffer II,katharyn.bosco@hotmail.com,(305) 261-7504
Miss Elliot Ferry,rod.nicolas@gmail.com,(940) 776-3677
Cyril Kautzer,horace.lindgren@yahoo.com,(225) 923-8383
Keith Rowe,refugio.monahan@gmail.com,(505) 456-3969
Joycelyn Marvin,hong.rogahn@hotmail.com,(472) 413-2171
Brady Witting,eileen.mann@yahoo.com,(505) 685-5997
Ma Marvin II,elana.watsica@yahoo.com,(305) 675-0979
Amado Kirlin,jutta.hessel@gmail.com,(983) 791-6461
Erlinda Stokes,kendrick.bruen@gmail.com,(505) 642-4177
Olevia Treutel,sheilah.koelpin@gmail.com,(305) 207-8131
Georgann Pagac,allyn.bins@yahoo.com,(501) 790-8510
Ms. Marla Zulauf,frederic.bechtelar@yahoo.com,(305) 208-9221
Gary O'Conner,raye.nicolas@gmail.com,(341) 305-4172
Paulina Raynor,fe.hills@hotmail.com,(305) 759-0684
Arnette Kirlin,alaine.huel@hotmail.com,(305) 247-4467
Eugene Ziemann,glady.reichert@gmail.com,(305) 203-9239
Van Schiller,genna.wisoky@hotmail.com,(636) 576-4681
Maryrose Jacobi,rusty.marks@hotmail.com,(274) 232-4772
Cindi Jast,ricardo.becker@yahoo.com,(716) 923-9207
Dr. Cornell Mohr,jon.durgan@yahoo.com,(505) 644-0545
Hugo Ebert,tyrone.schamberger@yahoo.com,(305) 202-1032
Miss Darren Murphy,teodoro.miller@hotmail.com,(274) 292-3229
Myrtice Flatley,augustine.hartmann@gmail.com,(669) 317-7288
Darwin Bradtke,margurite.bradtke@hotmail.com,(305) 205-5905
Willene Hill,jordon.kohler@yahoo.com,(929) 442-5835
Jewel Gulgowski,marlo.connelly@gmail.com,(313) 820-2596
Billie Waelchi,lennie.rau@yahoo.com,(983) 236-0042
Kurtis Schuster,jerry.roob@yahoo.com,(274) 294-4070
Rosendo Macejkovic,brett.jast@hotmail.com,(274) 280-8546
Mrs. Scarlett Mante,charlie.roberts@yahoo.com,(505) 648-2103
Virgil Prosacco,sandy.johns@yahoo.com,(472) 455-5742
Alfonzo Herzog,eddie.roberts@gmail.com,(980) 506-4610
Noble Kassulke,carey.stokes@hotmail.com,(505) 667-3084
Belva Mraz,erick.gottlieb@yahoo.com,(274) 263-0724
Valeri Johns,casie.hartmann@yahoo.com,(983) 752-4460
Fritz Bernhard,cassie.parker@yahoo.com,(305) 207-0014
Miss Alejandro Reynolds,pinkie.macgyver@gmail.com,(305) 846-2898
Precious Friesen IV,joella.rodriguez@yahoo.com,(983) 806-0207
Miss Angelique Mohr,lavone.bosco@yahoo.com,(505) 659-6541
Ardath Kautzer,jaquelyn.ankunding@gmail.com,(609) 668-9874
Wava Fritsch,tristan.effertz@hotmail.com,(970) 829-8600
Lane Donnelly,zack.waelchi@hotmail.com,(274) 278-6901
Damion Blanda IV,elodia.quitzon@gmail.com,(641) 813-2990
Kandace Flatley,madelene.conroy@yahoo.com,(274) 252-8760
Tobie Hyatt,garfield.mckenzie@yahoo.com,(314) 467-3520
Georgianna Wolff,brooks.durgan@hotmail.com,(561) 667-1798
Fae Schmidt DDS,alona.dibbert@yahoo.com,(305) 436-6229
Cameron West Jr.,bethany.rempel@gmail.com,(305) 206-0498
Chun White,ernest.kihn@hotmail.com,(862) 986-9185
Kieth Kemmer DDS,abe.hansen@yahoo.com,(305) 200-0697
Paul Bins,randee.kunde@hotmail.com,(551) 515-7217
Bobbie Watsica Jr.,cassondra.treutel@gmail.com,(305) 236-5926
Angel Barton,carson.heller@hotmail.com,(775) 444-0089
Ms. Ken Hyatt,marcos.jakubowski@gmail.com,(305) 205-2921
Kip Walter Jr.,catarina.hand@yahoo.com,(913) 471-7381
Marlon Smitham,tomas.doyle@yahoo.com,(305) 200-6080
Leonore Schoen,efren.prosacco@gmail.com,(305) 203-6422
Kittie Altenwerth,somer.predovic@yahoo.com,(983) 460-2092
Julio Hintz I,jack.monahan@gmail.com,(472) 860-8067
Rosalyn Breitenberg PhD,elenora.stanton@hotmail.com,(585) 281-8988
Suzann Jacobi,hisako.cassin@hotmail.com,(305) 442-8388
Mistie Hand,clotilde.sauer@yahoo.com,(505) 640-0727
Emery Macejkovic,mayra.schultz@gmail.com,(505) 513-2727
Audra Homenick II,tai.bahringer@gmail.com,(274) 225-9173
Elmo Pacocha,kendall.spinka@gmail.com,(305) 671-4611
Lizeth Hyatt,shelby.bernhard@gmail.com,(719) 594-6008
Terrilyn Roob,wilmer.stokes@hotmail.com,(307) 763-9872
Vita Morar Sr.,angele.morissette@gmail.com,(305) 346-0393
Teresia Kreiger,don.blick@hotmail.com,(586) 520-6242
Coretta Heathcote Jr.,rozella.reinger@yahoo.com,(305) 200-3182
Mr. Olympia Welch,lindsey.hane@yahoo.com,(472) 775-5291
Ashley Weber,dorsey.daniel@hotmail.com,(983) 965-7819
Josiah Heidenreich,flor.wolf@gmail.com,(707) 547-6154
Caitlin Rodriguez,dannie.mueller@yahoo.com,(305) 846-3871
Margie Vandervort,williams.koch@hotmail.com,(505) 247-9500
Roxana D'Amore II,elisha.mayert@yahoo.com,(305) 208-0603
Hester Murazik MD,elijah.schmeler@yahoo.com,(983) 742-3207
Jenifer Hoeger,sylvia.corkery@hotmail.com,(505) 997-5137
Cary Bednar,gary.reynolds@gmail.com,(472) 911-9150
Caren Hammes,jarrett.pouros@yahoo.com,(505) 680-1168
Tim Homenick,shaun.bartoletti@gmail.com,(302) 951-3995
Cyrus Yundt,bibi.cremin@yahoo.com,(305) 566-1054
Lashawna Hintz,douglas.sporer@yahoo.com,(472) 858-5553
Mariah Stroman,mao.hessel@gmail.com,(472) 416-0299
Marlin Bergstrom Sr.,adam.balistreri@gmail.com,(754) 709-0941
Leonore Jenkins,an.hodkiewicz@hotmail.com,(505) 641-7692
Francene Balistreri,helen.simonis@gmail.com,(207) 573-7542
Carlton Huels,ike.wilderman@yahoo.com,(305) 292-2525
Darren Keebler,donette.mcclure@hotmail.com,(505) 682-7687
Kera Kemmer,ahmed.gislason@yahoo.com,(301) 328-4462
Yung Legros,cristobal.mayert@yahoo.com,(472) 834-2417
Ms. Beaulah Gottlieb,jamel.schroeder@gmail.com,(602) 456-8492
Gertha Oberbrunner,jenni.schowalter@yahoo.com,(304) 501-2729
Ms. Lyn O'Keefe,manual.howell@yahoo.com,(918) 560-0444
Rhett Doyle,marybeth.oberbrunner@gmail.com,(629) 286-5368
Damaris Bins,russell.murray@yahoo.com,(925) 972-8747
Enedina Trantow,raymond.hoppe@gmail.com,(983) 773-2804
Miss Nathaniel Miller,bryan.lubowitz@yahoo.com,(472) 476-7825
Elden Dare,dulce.brown@gmail.com,(305) 280-8674
Winston Ziemann,virgie.pfannerstill@hotmail.com,(329) 507-0204
Blanche Strosin,lorie.weber@hotmail.com,(505) 803-7149
Mae Stokes,jan.hirthe@hotmail.com,(810) 967-8411
Kenny Lakin Jr.,arthur.hegmann@hotmail.com,(505) 606-8702
Ellis Prosacco,francine.mraz@gmail.com,(305) 203-9277
Ms. Cristina Roberts,jason.turner@yahoo.com,(572) 213-9578
Paz Glover,pam.king@gmail.com,(505) 628-9336
Ma Harvey II,genny.cremin@hotmail.com,(274) 205-8837
Aldo McLaughlin III,tarah.harris@gmail.com,(305) 208-9926
Hipolito Schoen,elsy.spinka@yahoo.com,(305) 208-3269
Pierre Beatty,toby.medhurst@yahoo.com,(305) 250-7450
Rocky Conn,ron.rempel@hotmail.com,(505) 629-5701
Emory Treutel,marsha.heidenreich@gmail.com,(305) 286-1143
Penni MacGyver,lani.bode@hotmail.com,(505) 648-3180
Raphael Turner,ignacio.dicki@hotmail.com,(979) 942-2704
Justin Thompson,clay.torp@hotmail.com,(305) 551-3883
Jimmie Kuhn,ivory.emmerich@hotmail.com,(472) 204-1896
Gertha Weber,michale.heller@hotmail.com,(274) 248-1553
Jospeh Rosenbaum,shawn.hermann@hotmail.com,(505) 628-2083
Dr. Jacob Ferry,domonique.bradtke@gmail.com,(469) 594-7189
Ericka Williamson,adina.toy@gmail.com,(305) 274-3691
Kiera Funk,stephaine.mills@yahoo.com,(274) 280-6618
Mr. Mervin O'Hara,chantelle.jacobson@gmail.com,(505) 640-8785
Emmitt Runte,aron.weber@yahoo.com,(305) 591-6164
Miss Wei Gaylord,candi.flatley@hotmail.com,(586) 337-2677
Mickey Graham,karon.howell@yahoo.com,(740) 761-9613
Hope Crist,jayson.schoen@yahoo.com,(505) 640-1129
Dr. Michel Schamberger,suzy.zboncak@gmail.com,(901) 498-0891
Vicente Quitzon PhD,fausto.schneider@gmail.com,(505) 692-9097
Iola Hoppe Sr.,george.runolfsson@yahoo.com,(541) 424-1631
Darrick Okuneva,irma.herzog@yahoo.com,(646) 231-9140
Dr. Karyl Lynch,ambrose.white@yahoo.com,(505) 654-9018
Ellie Stanton,maximo.kessler@yahoo.com,(505) 619-8307
Nicholle Yundt,kory.kuphal@hotmail.com,(983) 969-9070
Don Okuneva,alexander.ritchie@yahoo.com,(878) 726-4886
Evangelina Bayer,hilton.lind@gmail.com,(305) 202-5126
Neville O'Connell V,jung.streich@hotmail.com,(472) 714-3899
Alfonzo McKenzie,wendie.corkery@gmail.com,(305) 208-4823
Twana Sporer,stuart.wisoky@yahoo.com,(505) 948-4302
Clarice Herman,jina.hyatt@gmail.com,(983) 287-6282
Dr. Leonora Schinner,meryl.mohr@yahoo.com,(472) 235-5655
Kandi Leuschke,daren.vandervort@gmail.com,(505) 671-1180
Desmond Murray,carmella.wilderman@hotmail.com,(531) 896-0558
Randolph Borer,hallie.medhurst@hotmail.com,(220) 748-3711
Nicky Moore,nathaniel.bechtelar@yahoo.com,(774) 333-2914
Rudolf Fahey,lai.rogahn@hotmail.com,(472) 417-6670
Maris Blanda DDS,zachariah.stroman@hotmail.com,(305) 990-3797
Salvador Kreiger,josef.dare@yahoo.com,(567) 381-6687
Bud Bradtke,edmond.macejkovic@gmail.com,(305) 205-1164
Isela Pagac,guillermo.streich@yahoo.com,(305) 201-1452
Marya Osinski,jesica.fay@hotmail.com,(305) 760-0272
Adelia Pagac,anderson.stracke@yahoo.com,(740) 669-7850
Mr. Waldo Mosciski,oralee.waters@gmail.com,(215) 433-3810
Brent Rath,arthur.kulas@yahoo.com,(505) 382-7108
Merlyn Conn,rafaela.bradtke@hotmail.com,(472) 876-6907
Heath Schmidt Sr.,clint.friesen@gmail.com,(901) 913-1790
Guillermo Johnston PhD,johnnie.hansen@hotmail.com,(505) 589-8376
Sharron Bailey,lee.tillman@hotmail.com,(320) 756-5479
Issac Larkin,sylvester.reichert@yahoo.com,(274) 217-7680
Reginald Howell,nubia.prohaska@gmail.com,(305) 299-7474
Nathanael Schmitt,dayle.torphy@gmail.com,(863) 224-0421
Cherri Vandervort MD,jani.boyer@gmail.com,(472) 987-6040
Nilsa Haley,robin.klein@hotmail.com,(305) 720-9683
Jule Romaguera,mirella.morissette@hotmail.com,(954) 715-8747
Luella McDermott,edward.abbott@yahoo.com,(505) 640-2506
Exie Kunze,erma.morissette@hotmail.com,(363) 743-1010
Josie Jacobs,kyle.lockman@yahoo.com,(305) 550-7287
Yong Stanton,dustin.walker@hotmail.com,(983) 202-7609
Patricia White,beau.morar@hotmail.com,(636) 953-8665
Everette Senger,elvin.hoeger@hotmail.com,(907) 979-6561
Kareem Hintz DVM,concha.collier@hotmail.com,(472) 837-9208
Allen Runolfsdottir,clark.torp@hotmail.com,(505) 694-9254
Hannah Thiel,mack.marquardt@gmail.com,(505) 441-4519
Lionel Yost,chet.hill@hotmail.com,(472) 793-5149
Tony Parker,jadwiga.satterfield@hotmail.com,(505) 845-3251
Eufemia Grady,harrison.kessler@yahoo.com,(305) 222-5262
Glinda Price,jacinto.williamson@hotmail.com,(983) 363-7538
Dr. Syreeta Cassin,valery.west@hotmail.com,(818) 683-4577
Sherlene Kuhlman,mauro.kemmer@gmail.com,(602) 315-8222
Natalie Osinski,sheron.batz@hotmail.com,(505) 642-9889
Terry Parisian,jan.gusikowski@hotmail.com,(305) 236-0638
Mollie Lubowitz,charley.hammes@gmail.com,(274) 271-8492
Else Pacocha,agnus.armstrong@yahoo.com,(472) 763-6461
Anton Hand MD,shawanna.gleason@hotmail.com,(305) 206-6686
Nathaniel Marks,kristofer.kohler@yahoo.com,(505) 243-7736
Stephen Anderson,maia.hane@gmail.com,(305) 260-6095
Wilfredo Rau,latrice.hegmann@gmail.com,(505) 656-2088
Cedric Block,patrice.walker@hotmail.com,(983) 260-0341
Mr. Willard Weber,carin.homenick@gmail.com,(929) 895-7309
German Keeling,cesar.cartwright@yahoo.com,(983) 993-8583
Dr. Corene Bernhard,carmelo.weimann@hotmail.com,(279) 485-7503
Joan Champlin Sr.,palmer.stoltenberg@hotmail.com,(472) 780-9946
Eugenio Farrell,trula.jones@hotmail.com,(505) 695-8002
Darren Rath Sr.,sammy.sawayn@yahoo.com,(305) 329-0590
Cortez West,loan.wiza@yahoo.com,(484) 477-5839
Mr. Kimberly Hills,lamont.feeney@hotmail.com,(472) 257-1498
Dr. Sherwood Kilback,thaddeus.fisher@gmail.com,(274) 276-4735
Irwin Becker MD,dario.kuvalis@hotmail.com,(347) 542-9598
Cortney Bradtke,jared.torphy@hotmail.com,(336) 428-7063
Jude Langworth I,yasuko.rodriguez@hotmail.com,(983) 412-9338
Tawana Mosciski,della.okon@hotmail.com,(305) 264-3289
Milagros Luettgen Sr.,suzan.hauck@yahoo.com,(305) 262-8808
Miss Trudi Bartell,lawerence.kutch@gmail.com,(472) 942-9986
Elise Ritchie,glennis.braun@gmail.com,(505) 625-3956
Mrs. Carlene Nienow,hilario.mann@hotmail.com,(321) 300-7451
Coletta Watsica,stephaine.bosco@yahoo.com,(930) 991-2629
Taina Schuster MD,chassidy.labadie@gmail.com,(274) 232-5839
Linwood Carroll,ethel.schowalter@gmail.com,(472) 892-2399
Eldridge Kshlerin,briana.franecki@gmail.com,(262) 481-3500
Giovanni Lueilwitz,jame.bartoletti@yahoo.com,(505) 270-4618
Shayne Mraz,cherri.schamberger@gmail.com,(540) 369-0661
Dexter Hahn I,rayford.wilkinson@hotmail.com,(740) 456-9066
Marco Kris,esperanza.champlin@gmail.com,(220) 992-5413
Agripina Hahn MD,gianna.larkin@hotmail.com,(930) 231-6513
Leisha Glover,kia.kerluke@yahoo.com,(305) 999-8806
Carri Flatley,hue.turcotte@gmail.com,(380) 259-4806
Calvin Pfeffer,todd.hyatt@gmail.com,(505) 642-0432
Jinny Koelpin MD,grover.mccullough@gmail.com,(983) 736-8015
Fausto Emmerich,lindsey.bahringer@gmail.com,(505) 284-5354
Julio Beier IV,jefferson.davis@yahoo.com,(678) 990-4175
Ralph Muller,carolyne.huel@hotmail.com,(505) 377-1636
Steven Witting,jacinto.weimann@hotmail.com,(505) 680-0136
Katharine Wiza,kam.barrows@yahoo.com,(432) 881-9382
Mrs. Richie Price,avery.farrell@yahoo.com,(908) 770-6146
Elijah Carter,hellen.harvey@yahoo.com,(305) 208-3374
Kellie Crist,wm.spinka@hotmail.com,(305) 278-6154
Dexter Crooks,dane.roob@hotmail.com,(505) 648-7087
Darrin Erdman,mel.ondricka@hotmail.com,(941) 302-2977
Deon Kutch,tameika.lynch@gmail.com,(973) 298-3958
Tamiko Bahringer,venessa.schamberger@yahoo.com,(472) 472-6463
Brock Blick,natalie.reynolds@hotmail.com,(505) 643-8807
Dewey Bayer,dudley.carter@hotmail.com,(216) 792-2952
Marcelino Ernser,miyoko.dubuque@yahoo.com,(305) 872-8828
Pearlene Cruickshank,kati.kohler@yahoo.com,(305) 276-3727
Chan Schumm,karrie.goldner@yahoo.com,(505) 642-7354
Chere Gutmann Sr.,don.streich@yahoo.com,(274) 205-1760
Dr. Everette Lueilwitz,raymond.leuschke@hotmail.com,(505) 376-8217
Hermelinda Dicki,chantell.vonrueden@gmail.com,(305) 488-8193
Mitsue Abshire,ivan.thiel@yahoo.com,(305) 207-0733
Alden Kuhic,cathy.schumm@hotmail.com,(586) 704-4871
David Schiller,india.ondricka@yahoo.com,(983) 229-8284
Dr. Major Konopelski,lacey.murphy@yahoo.com,(321) 466-0823
Francis Wehner,brad.kozey@gmail.com,(720) 533-3720
Ms. Graham Beatty,anjanette.smith@hotmail.com,(281) 515-7913
Isela Orn,andy.torphy@gmail.com,(983) 948-6357
Dorsey Bruen,vernie.russel@gmail.com,(305) 201-0362
Jim Schinner,oren.sipes@hotmail.com,(305) 521-0428
Ms. Rafael Kutch,tambra.erdman@yahoo.com,(305) 205-9207
Mohammed Raynor,armandina.kemmer@yahoo.com,(305) 842-3032
Mrs. Murray Powlowski,fidel.corwin@gmail.com,(305) 206-6276
Kristy Ebert,haywood.beahan@yahoo.com,(274) 238-7458
Santiago Hagenes,tammara.herzog@gmail.com,(305) 514-7779
Ralph Rau,buddy.larkin@yahoo.com,(472) 785-1784
Lesa Jast,cory.hodkiewicz@yahoo.com,(305) 200-3909
Lindsay Heathcote,virgilio.reilly@gmail.com,(801) 523-8601
Argelia Morar,jean.huel@hotmail.com,(983) 231-8594
Ms. Nanette Maggio,lucien.brakus@gmail.com,(305) 689-8373
Jewel Bernhard,marisa.rolfson@hotmail.com,(305) 250-0979
Isaura Hettinger,reyna.hill@gmail.com,(505) 644-8197
Ms. Cristine Rohan,lonny.pollich@gmail.com,(305) 237-0792
Prudence Weimann,frankie.schuster@yahoo.com,(865) 399-7280
Denver Ziemann,gertrude.gerlach@yahoo.com,(442) 686-9747
Jeneva Wolff V,waldo.heller@yahoo.com,(505) 640-5019
Marcos Ledner,connie.glover@hotmail.com,(350) 680-5789
Emmanuel Gislason,arthur.ullrich@gmail.com,(845) 574-9982
Serita Schiller,caroyln.parker@yahoo.com,(472) 294-4027
Louie Wisoky,elvia.nitzsche@yahoo.com,(907) 975-6712
Olen Green IV,tory.vandervort@yahoo.com,(616) 506-6393
Verdell Stehr,karoline.feil@hotmail.com,(274) 222-1468
Cedric Tillman DDS,sadye.waelchi@hotmail.com,(983) 303-8722
Lise Collins,forest.ziemann@gmail.com,(983) 911-3110
Hannelore Armstrong,audria.fay@yahoo.com,(505) 648-3952
Hilma Nikolaus,nathanael.lesch@yahoo.com,(274) 275-1050
Herb Littel MD,lucio.brown@gmail.com,(472) 822-7951
Fermina Douglas I,kira.powlowski@hotmail.com,(472) 489-7668
Wilton McClure,roland.mills@yahoo.com,(763) 916-0841
Ms. Page Smitham,sherika.rau@yahoo.com,(505) 611-0604
Anibal Breitenberg,coleen.kilback@yahoo.com,(606) 969-0298
Horacio Weissnat,cecilia.cartwright@yahoo.com,(505) 648-5572
Jamey Stehr,antone.blick@gmail.com,(305) 876-8215
Cortney Thiel,solomon.streich@gmail.com,(505) 629-3775
Mellissa Gibson,delinda.kassulke@gmail.com,(781) 441-6168
Jeremy Wunsch,erich.klocko@yahoo.com,(505) 615-9809
Luisa Haley,jocelyn.rosenbaum@hotmail.com,(505) 621-4088
Rick Fay,vella.goldner@gmail.com,(303) 235-2978
Laci Wisoky,edward.goldner@hotmail.com,(505) 642-4732
Debi Thiel Sr.,arturo.kilback@hotmail.com,(505) 644-4532
Porsche Mayer,cyril.armstrong@gmail.com,(802) 869-1229
Virgil Tillman,zelda.kunze@gmail.com,(505) 429-7561
Kathryn Shields,chang.sauer@yahoo.com,(505) 640-3638
Marcie Lubowitz,freddie.carroll@hotmail.com,(305) 297-2495
Cecil Schneider DVM,sindy.crist@hotmail.com,(274) 234-6399
Mr. Preston Dickinson,carolynn.nitzsche@gmail.com,(728) 680-0817
Chet Heller,jackson.hand@yahoo.com,(458) 648-1908
Hana Padberg DVM,bryanna.jerde@hotmail.com,(305) 204-1382
Meghann Bayer DVM,lurlene.jakubowski@gmail.com,(916) 477-6758
Marguerita Reinger,crissy.ferry@hotmail.com,(305) 295-7275
Jamee Fahey,annamae.gulgowski@hotmail.com,(718) 430-5747
Dia Schroeder,jerica.wilkinson@gmail.com,(505) 697-4733
Rochell Dibbert,aubrey.hansen@gmail.com,(305) 200-6103
Brice Beahan DDS,omar.will@yahoo.com,(754) 701-6972
Demetrice Adams,rico.hodkiewicz@gmail.com,(274) 257-8534
Duncan Haley,stormy.mcglynn@yahoo.com,(336) 968-2251
Emely Corkery,janelle.zieme@gmail.com,(983) 499-6523
Mitch Blanda,eduardo.gerhold@hotmail.com,(906) 390-1639
Lore Fay,vonda.hackett@gmail.com,(472) 229-1220
Tommie Kessler,tad.sipes@yahoo.com,(505) 643-1225
Sol Treutel,judson.balistreri@gmail.com,(714) 941-5636
Tonita Kovacek,theron.thompson@gmail.com,(274) 278-7081
Kimberley Hane,janine.quitzon@gmail.com,(380) 399-3954
Rosario Hand,quincy.jerde@hotmail.com,(305) 409-7536
Phil Lubowitz V,clemente.schinner@gmail.com,(472) 861-3474
Ms. Sterling Oberbrunner,felicidad.bayer@hotmail.com,(369) 503-3351
Tonie Grimes III,dell.mann@gmail.com,(274) 278-3005
Ms. Charles Kessler,keith.funk@gmail.com,(505) 676-8052
Mr. Kiera Goodwin,huey.volkman@gmail.com,(636) 538-1175
Patricia Parisian,talitha.bruen@hotmail.com,(305) 201-6263
Adeline Goyette,sharonda.monahan@gmail.com,(505) 652-5702
Isabelle Gleichner,ashlea.zieme@yahoo.com,(305) 204-2063
Shayne Kirlin,morgan.nicolas@gmail.com,(305) 294-9001
Anneliese Kovacek,landon.brekke@yahoo.com,(983) 895-8240
Aurora Schmidt I,lora.white@gmail.com,(305) 290-5186
Lili Weber DVM,jane.stiedemann@gmail.com,(714) 965-6070
Chad Hill,bradley.ullrich@yahoo.com,(983) 961-9119
Miss Hyman Abbott,alonzo.buckridge@yahoo.com,(472) 955-4555
Humberto Abshire,randal.mclaughlin@hotmail.com,(505) 652-9323
Will Fadel,adaline.harber@gmail.com,(472) 761-1081
Reinaldo Denesik,mikaela.runolfsdottir@hotmail.com,(339) 764-9381
Marivel Hane Sr.,larry.lemke@hotmail.com,(737) 782-5064
Omar Thiel,vern.mcglynn@hotmail.com,(808) 491-6601
Kaitlin Veum,kenton.volkman@yahoo.com,(274) 252-7660
Les Schumm DVM,sudie.hansen@gmail.com,(775) 835-4807
Loreta Thompson IV,song.schuster@yahoo.com,(305) 283-7456
Dorathy Rippin III,willian.wisoky@gmail.com,(472) 442-4114
Jen Kunde DVM,mariano.monahan@yahoo.com,(305) 204-1831
Carolann Homenick,bebe.kassulke@yahoo.com,(669) 976-2688
Tia Harris,stewart.oberbrunner@yahoo.com,(207) 649-7787
Miss Nakisha Langworth,lazaro.monahan@yahoo.com,(505) 643-3905
Pam Swaniawski,ozella.armstrong@gmail.com,(505) 674-2369
Miss Craig Schamberger,alisha.hermiston@gmail.com,(505) 644-3623
Ms. Christian Hoppe,hubert.gerlach@hotmail.com,(505) 836-5945
Cyrus Little,jeffery.jast@gmail.com,(541) 689-7699
Cheryll Klocko,saul.ritchie@hotmail.com,(305) 940-7716
Benita Predovic,miriam.parisian@gmail.com,(472) 721-0243
Mr. Gale Muller,easter.quigley@gmail.com,(269) 225-1947
Tobie Crooks,cary.barrows@yahoo.com,(274) 239-8747
Domingo Jast,ike.mann@gmail.com,(425) 598-3067
Cathern Gulgowski V,franklyn.bechtelar@gmail.com,(305) 203-6582
Brant Krajcik,selma.hettinger@gmail.com,(305) 479-8496
Clay Bogan MD,milda.johnson@gmail.com,(274) 279-9315
Portia Schmeler,donna.ward@hotmail.com,(305) 206-9742
Devin O'Kon,johnie.greenfelder@yahoo.com,(505) 621-8478
Kris Grimes,joey.oconner@gmail.com,(872) 744-7401
Katherina Heidenreich,howard.haag@gmail.com,(274) 202-2655
Levi Dooley,jodi.jacobi@gmail.com,(440) 702-2784
Nathan Bruen,lucilla.mckenzie@yahoo.com,(505) 648-6860
Brain Pollich,zora.sawayn@hotmail.com,(305) 212-7942
Chan Herman,maya.lueilwitz@hotmail.com,(971) 917-0192
Renate Romaguera V,tressie.ritchie@yahoo.com,(305) 375-3616
Rosario Zboncak,sina.denesik@yahoo.com,(274) 283-6059
Edmond Buckridge,sondra.lang@yahoo.com,(983) 316-2197
Kay Jenkins,marline.stamm@hotmail.com,(472) 734-0605
Williams Koch,oleta.mertz@gmail.com,(505) 641-3796
Patricia Little,ernesto.kunde@yahoo.com,(505) 651-6383
Dr. Jenell Langworth,angelika.gulgowski@hotmail.com,(970) 368-6955
Royce Huels,hertha.carter@yahoo.com,(845) 562-4671
Miyoko Smitham,lise.wyman@yahoo.com,(505) 620-6216
Sal Thompson,horace.herman@gmail.com,(281) 951-3150
Zada Mohr,moshe.haag@hotmail.com,(732) 268-9543
Arlen Berge,hollis.stiedemann@gmail.com,(505) 668-7835
Miss Vince Turner,florencio.koelpin@yahoo.com,(505) 769-7527
Jacquelynn O'Hara PhD,millard.stehr@hotmail.com,(505) 546-8320
Vivan Yost II,lee.daugherty@gmail.com,(983) 825-2960
Gerardo Berge,darius.moen@gmail.com,(305) 205-5335
Tamala Douglas,joey.klocko@hotmail.com,(983) 975-6674
Marie Spencer,gwyn.dach@gmail.com,(274) 241-4788
Melaine Schiller,mauro.treutel@hotmail.com,(305) 208-5361
Ms. Suzie Beatty,verlene.bartell@gmail.com,(440) 234-5693
Woodrow McClure,ben.renner@gmail.com,(925) 806-7390
Les Dare I,shemeka.bailey@hotmail.com,(505) 252-1972
Oscar Powlowski,jarred.grady@gmail.com,(505) 633-4014
Harold Little V,angelena.homenick@yahoo.com,(407) 543-7250
Bradly Tromp,hailey.rodriguez@yahoo.com,(505) 611-2181
Concepcion Ferry,marnie.heaney@gmail.com,(925) 677-3354
Graham Hilpert,marilee.hoppe@gmail.com,(505) 809-2901
Kirstie Daniel,ivy.funk@gmail.com,(660) 617-1554
Jonathon Lehner,jenae.tromp@gmail.com,(305) 201-9834
Rhiannon Rohan,dorsey.johnson@gmail.com,(274) 298-2916
Beverlee Jenkins,shakira.okeefe@hotmail.com,(305) 205-2257
John Labadie,nestor.pagac@gmail.com,(978) 385-0287
Miss Arlie Walter,sherie.rosenbaum@gmail.com,(505) 616-1677
Ms. Jose Zboncak,esperanza.krajcik@gmail.com,(274) 252-4081
Shantell Kunde,andres.connelly@yahoo.com,(472) 459-8586
Trinh Collier I,hosea.wilderman@yahoo.com,(305) 208-0812
Nereida Kessler MD,garnett.reilly@gmail.com,(305) 265-4417
Geoffrey Bailey,bong.johns@hotmail.com,(472) 228-9248
Miss Vernon Leuschke,efren.heathcote@yahoo.com,(274) 273-6025
Hal Cremin,danna.bayer@gmail.com,(274) 287-7532
Oscar Nienow V,gigi.marquardt@gmail.com,(305) 203-4864
Julian Mosciski,tommy.abbott@hotmail.com,(305) 255-7478
Aiko Daniel,becki.purdy@hotmail.com,(440) 359-2217
Damien Littel DVM,duncan.brekke@yahoo.com,(954) 529-2929
Morgan Rowe,florene.hudson@hotmail.com,(983) 739-4305
Celina Prohaska,darell.hudson@hotmail.com,(917) 761-4529
Carri Bashirian II,lorina.tromp@hotmail.com,(305) 292-8240
Wilton Rice,tamekia.mitchell@gmail.com,(704) 235-7174
Rhett Zieme V,joel.mosciski@gmail.com,(505) 646-3262
Ernestina McGlynn,quinton.schamberger@gmail.com,(520) 520-0680
Eugenie Becker MD,erin.corwin@gmail.com,(661) 499-6167
Gilbert Brekke,elijah.gibson@yahoo.com,(248) 781-8873
Sirena Zemlak,viki.gerhold@hotmail.com,(274) 217-0178
Mrs. Azucena Schuster,earlie.rodriguez@yahoo.com,(305) 203-2227
Sharon Hane,demetrius.murray@yahoo.com,(505) 605-7582
Myles Gislason Jr.,zane.greenfelder@gmail.com,(305) 201-2638
Kaleigh McDermott,susan.bartell@gmail.com,(505) 682-3659
Christinia Effertz,gigi.ledner@hotmail.com,(559) 630-2492
Elia Hayes,lissette.beahan@gmail.com,(930) 841-9729
Jonathan Collins,kina.bruen@gmail.com,(724) 745-0288
Terrilyn Bradtke,hassan.cummerata@yahoo.com,(305) 732-7934
Genoveva Kulas,grant.kertzmann@hotmail.com,(472) 414-1228
Mr. Julio Hills,martin.stehr@hotmail.com,(928) 858-9967
Lorri Bins,carla.mayer@hotmail.com,(801) 805-6069
Johnathan Hoeger,carey.reichert@gmail.com,(305) 284-5573
Micah Stark MD,arianna.kris@gmail.com,(607) 578-1204
Doris Kuphal,curt.ledner@gmail.com,(983) 836-7833
Norris Leuschke,kristopher.ullrich@hotmail.com,(908) 284-2991
Reuben Keeling,aldo.labadie@hotmail.com,(862) 726-6855
Augustus Zulauf,queenie.stroman@yahoo.com,(305) 207-7523
Leon Langworth,latoyia.littel@yahoo.com,(505) 646-8082
Adolfo Rolfson,brittany.schinner@hotmail.com,(229) 269-5540
Bryanna Zemlak,earle.tillman@gmail.com,(754) 999-2318
Mr. Reuben Metz,anna.fritsch@yahoo.com,(973) 317-0101
Ms. Love Langosh,bradford.mcclure@hotmail.com,(472) 932-4049
Mrs. Lacie Abernathy,taylor.kuhlman@hotmail.com,(472) 882-8667
Jovan Heller Jr.,shawanda.fritsch@yahoo.com,(856) 706-6523
Jonathon O'Hara,robena.klocko@hotmail.com,(223) 383-5548
Millard Stanton,seth.gleason@hotmail.com,(505) 614-4732
Andria Cassin,zada.vonrueden@gmail.com,(505) 924-9839
Cameron Grant,ramona.king@gmail.com,(505) 638-1475
Mr. Zackary Schmitt,jimmy.parker@gmail.com,(274) 232-3040
Lee Koepp,cameron.ondricka@yahoo.com,(505) 640-2634
Moshe Ritchie,noelia.willms@yahoo.com,(305) 264-3034
Ruthann Olson,kelley.ortiz@gmail.com,(614) 593-7315
Avery Dach,ara.tremblay@yahoo.com,(305) 241-5963
Kendall Hodkiewicz,easter.bruen@yahoo.com,(305) 203-2233
Weldon Goyette,rufus.bednar@yahoo.com,(305) 264-8165
Delbert Waters,andre.reinger@yahoo.com,(929) 760-9767
Jason Schinner,sherron.johnston@yahoo.com,(845) 480-8177
Dr. Willis Bradtke,ruby.murray@yahoo.com,(659) 980-5201
Carlotta Monahan,arden.bradtke@hotmail.com,(252) 754-6999
Franklin Okuneva,svetlana.auer@hotmail.com,(505) 234-4236
Edward Medhurst,ellsworth.herman@gmail.com,(472) 787-3070
Lavada Ferry,berry.connelly@gmail.com,(270) 247-9691
Johanna Schiller,lyman.wilderman@hotmail.com,(612) 691-4330
Louie Simonis I,arthur.schumm@hotmail.com,(203) 701-1853
Lucia Schroeder Jr.,rolando.mcclure@hotmail.com,(305) 201-2050
Ms. Susanne Emmerich,emerson.stracke@gmail.com,(305) 200-4031
Gonzalo Stroman,morgan.schinner@yahoo.com,(305) 281-4026
Augustina Rowe I,carisa.murray@yahoo.com,(424) 264-4948
Edmund Kunze IV,beverly.kovacek@hotmail.com,(472) 703-6672
Tracy Carter MD,monty.fritsch@gmail.com,(941) 769-5468
Marissa Gottlieb,harris.littel@hotmail.com,(305) 201-8073
Shirley Nolan,gavin.smith@yahoo.com,(505) 577-0102
Francesco Runolfsdottir,amos.roob@hotmail.com,(917) 337-1112
Dr. Jenny Marquardt,summer.morissette@hotmail.com,(472) 742-9162
Mrs. Toby Fritsch,debra.bergstrom@gmail.com,(505) 648-4233
Modesto Jast,dante.skiles@gmail.com,(274) 287-9616
Jack Wintheiser IV,ellen.romaguera@gmail.com,(505) 643-7026
Murray Spinka II,efrain.gleason@yahoo.com,(305) 257-6090
Gaynell Haley,mellisa.steuber@gmail.com,(678) 521-3484
Jermaine Lynch,hobert.douglas@gmail.com,(484) 932-4044
Dr. Marc Champlin,rodolfo.gerlach@yahoo.com,(505) 626-9201
Laurinda Bogan,chante.sanford@yahoo.com,(464) 544-7657
Miss Miriam Barrows,nona.dooley@gmail.com,(919) 406-5899
Willy Schulist,judi.schmitt@hotmail.com,(505) 644-5823
Arnette Ondricka,donita.wilkinson@gmail.com,(505) 641-0833
Melodee Balistreri,cameron.goodwin@gmail.com,(603) 485-0217
Vicky Rice,louie.ernser@yahoo.com,(274) 211-6761
Humberto Bartoletti,jerri.raynor@yahoo.com,(505) 284-4349
Mitchell Buckridge III,tonda.considine@gmail.com,(472) 822-7298
Malinda Kshlerin,jeffrey.padberg@yahoo.com,(305) 261-1696
Dong Herman,sean.herzog@hotmail.com,(983) 465-6042
Pablo Farrell,mikki.becker@gmail.com,(785) 221-8035
Mercy Renner,lena.reichert@gmail.com,(505) 635-2137
Kelvin Turner DDS,lauri.vandervort@yahoo.com,(305) 205-4391
Earlie Wuckert Sr.,les.bartoletti@gmail.com,(708) 318-1686
Mose Donnelly,gracie.langosh@gmail.com,(505) 642-5786
Euna Mayer,krystyna.murray@hotmail.com,(305) 204-1548
Laquanda Graham,johnnie.kub@hotmail.com,(983) 761-9569
Mr. Len Carroll,leonida.koepp@gmail.com,(505) 280-4256
Norman Johns,trey.little@gmail.com,(505) 956-1836
Doug McClure,xochitl.goyette@yahoo.com,(305) 205-2324
Georgeanna Greenholt,gregg.bauch@gmail.com,(951) 295-6406
Todd Gerhold DVM,latonya.moen@yahoo.com,(464) 469-6910
Creola Padberg,harley.wisozk@gmail.com,(912) 787-9657
Burl Marvin,roselle.hudson@yahoo.com,(505) 786-8647
Dave Metz,robert.lueilwitz@yahoo.com,(505) 566-9895
Lyn Marvin IV,gregory.gerlach@hotmail.com,(754) 250-6151
Ilda Streich,arlena.gottlieb@hotmail.com,(747) 809-7198
Rafael Block,dustin.grady@hotmail.com,(564) 398-9994
Vivan Kunde PhD,teresia.wolff@gmail.com,(305) 221-4476
Cortez Schmitt,forest.jast@gmail.com,(363) 229-8121
Aracely Dare,armand.reinger@yahoo.com,(979) 682-1119
Marceline Nicolas,devon.marquardt@gmail.com,(562) 645-9489
Gregg Kub,wilson.oconner@hotmail.com,(319) 660-7540
Mickey Johns,jean.lowe@yahoo.com,(719) 318-7554
Karolyn Nader,tangela.davis@gmail.com,(305) 200-5589
Ivory Sawayn,dwight.anderson@hotmail.com,(505) 385-5375
Val Hartmann,sondra.mueller@yahoo.com,(472) 837-0157
Rodney Wunsch,fritz.lowe@yahoo.com,(305) 217-5413
Deann King MD,harry.cremin@hotmail.com,(505) 642-1849
Mr. Garret Koelpin,valentine.hyatt@yahoo.com,(469) 683-9815
Miss Cathy Schaefer,trish.collier@hotmail.com,(305) 295-7315
Mrs. Velvet Bergstrom,inell.schroeder@hotmail.com,(859) 293-3735
Marketta Boyle,eliseo.satterfield@gmail.com,(470) 459-4497
Ms. Edward Gutkowski,laronda.hagenes@hotmail.com,(274) 203-6475
Ouida Schinner II,diego.smitham@hotmail.com,(305) 201-5195
Curtis Kunze,gillian.wiegand@yahoo.com,(505) 891-3338
Felecia Shanahan,blaine.schoen@yahoo.com,(305) 604-3688
Corinne Kuvalis,theressa.oconner@gmail.com,(983) 720-5509
Tawnya Wyman,arvilla.bednar@hotmail.com,(983) 999-3542
Alfonzo Harris,olga.durgan@hotmail.com,(472) 490-2396
Jerrod Zieme Jr.,clarinda.gaylord@yahoo.com,(505) 641-4258
Brice Renner,vivian.yundt@hotmail.com,(269) 682-8225
Lanie Sipes,norah.sanford@gmail.com,(505) 646-0850
Lauryn Simonis,tiffanie.rau@yahoo.com,(472) 248-3086
Sulema Dibbert Jr.,randall.gislason@hotmail.com,(505) 701-7058
Jed Abshire IV,johnna.hayes@gmail.com,(826) 216-2685
Rod Nader Sr.,jacki.jones@gmail.com,(983) 925-1499
Charles Orn DDS,noble.feeney@yahoo.com,(505) 642-6472
Miss Alonzo Lesch,eddy.murray@gmail.com,(470) 610-1683
Marleen Anderson,craig.olson@hotmail.com,(505) 677-8124
Harvey Buckridge,deloras.rowe@hotmail.com,(447) 241-1107
Erasmo Purdy,alvina.tromp@hotmail.com,(983) 892-6798
Lamonica Effertz MD,dalton.zboncak@hotmail.com,(472) 862-5070
Theo Ward,bryant.swaniawski@yahoo.com,(821) 988-9745
Joe Gislason,randell.towne@yahoo.com,(472) 727-6113
Mrs. Adolph Reichel,marian.feest@yahoo.com,(983) 749-6652
Suzan Torphy,barrett.hoeger@hotmail.com,(274) 288-0468
Mittie Olson,wilmer.walker@yahoo.com,(305) 200-8997
Patrice McClure,autumn.douglas@hotmail.com,(505) 640-6930
Cheryll Beatty,vivien.kuvalis@yahoo.com,(505) 644-7904
Jayson Daniel,jayson.becker@hotmail.com,(860) 272-4948
Peg Thiel,kenna.bartoletti@gmail.com,(838) 767-9518
Malcolm Cassin,everette.langosh@yahoo.com,(505) 644-3988
Mrs. Emmitt Mante,georgeanna.armstrong@yahoo.com,(620) 268-6279
Ms. Corey Bernier,leone.boehm@hotmail.com,(931) 590-7948
Belle Bernhard,joesph.kozey@gmail.com,(305) 376-2163
Dr. Dian Witting,emanuel.douglas@gmail.com,(730) 831-2129
Rozella Howell,chantal.greenholt@yahoo.com,(505) 601-2164
Madonna Huel,dinorah.gaylord@gmail.com,(567) 211-0538
Gilberto Jast,suzann.boyle@hotmail.com,(678) 745-2135
Nicolette Williamson,robin.ziemann@gmail.com,(912) 952-6161
Elwood Moore PhD,roy.kuvalis@yahoo.com,(681) 542-3448
Coralie Satterfield,evelyne.effertz@gmail.com,(305) 264-5170
Harold Greenfelder,venice.rau@yahoo.com,(305) 212-3527
Katharine Wintheiser,amelia.ritchie@yahoo.com,(251) 727-1401
Jon Reilly,deeann.bogisich@hotmail.com,(803) 984-4130
Tomiko Goldner,graig.reynolds@yahoo.com,(508) 282-7022
Lane Cremin,caroll.hintz@yahoo.com,(971) 259-6200
Eric Weissnat,eugenio.wehner@gmail.com,(505) 453-4789
Jimmie Medhurst,irving.raynor@gmail.com,(732) 646-9951
Otelia Pfeffer,dannette.mann@hotmail.com,(505) 668-3085
Merle Friesen,golda.hodkiewicz@gmail.com,(505) 644-9735
Dr. Marcus Collins,damon.ryan@yahoo.com,(472) 839-0351
Stacey Okuneva,lillian.senger@gmail.com,(472) 734-8235
Ronald Hettinger,hassie.kuhic@yahoo.com,(472) 421-3246
Damien Ratke,danilo.cummerata@gmail.com,(505) 681-8899
Dr. Naida Walter,alan.parker@gmail.com,(305) 206-7533
Cindy Boyle,stefan.conroy@yahoo.com,(305) 205-3546
Saul MacGyver II,amina.harvey@yahoo.com,(678) 353-5337
Miss Benjamin Goodwin,cleo.johns@gmail.com,(305) 206-8068
Adrian Braun IV,lavada.kunde@yahoo.com,(304) 582-6675
Lesa Johns,adrienne.ullrich@yahoo.com,(305) 208-5897
Donte Carter,miranda.maggio@gmail.com,(202) 469-9504
Dewitt Schimmel,wilfredo.gutkowski@gmail.com,(417) 576-3924
Virgil Hodkiewicz V,gayle.schiller@hotmail.com,(505) 931-8503
Rolando Pfeffer,anthony.cummings@hotmail.com,(212) 880-5932
Mr. Derrick Sanford,lucius.senger@hotmail.com,(505) 642-0198
Dr. Filiberto Bayer,florinda.satterfield@yahoo.com,(472) 249-5742
Dr. Noah Hermann,coy.johns@yahoo.com,(305) 912-1397
Marta Flatley,glenn.johnson@hotmail.com,(505) 640-3819
Ross Pouros,dixie.cruickshank@hotmail.com,(505) 642-1448
Lindsay Wiegand,kera.stracke@hotmail.com,(305) 201-7285
Brett Altenwerth,curtis.kutch@hotmail.com,(505) 644-5964
Brenton Kunde,edmund.stokes@hotmail.com,(505) 610-1665
Wes Bartoletti,shakita.kessler@hotmail.com,(838) 331-2039
Melany Bernier,chang.botsford@yahoo.com,(505) 688-7886
Randolph Lind,yee.cassin@yahoo.com,(505) 601-5888
Dr. Skye Pouros,arron.bartoletti@yahoo.com,(208) 214-4442
Drew Leffler II,yasmine.runte@yahoo.com,(505) 642-0987
Salvatore Maggio,aurore.okon@yahoo.com,(274) 256-7657
Dolly Abbott,jacque.bruen@yahoo.com,(305) 256-9832
Ezekiel Jacobson MD,margaret.luettgen@hotmail.com,(586) 418-0742
Ms. Rey Beer,tyler.anderson@hotmail.com,(305) 204-9843
Elmo Littel,edward.littel@yahoo.com,(305) 753-6226
Gregory Kuhlman,hwa.kozey@yahoo.com,(305) 206-0359
Errol Cummerata,katherin.goldner@yahoo.com,(863) 737-5740
Teodoro Smitham,tommie.zulauf@hotmail.com,(505) 886-9031
Ernie Miller,debbi.mayert@hotmail.com,(435) 623-2888
Alvaro Reichel,kellye.bednar@yahoo.com,(305) 203-6968
Efrain Hickle,chester.witting@hotmail.com,(305) 238-0946
Columbus Schaefer,geneva.schulist@gmail.com,(505) 609-3394
Murray Watsica,genaro.weber@hotmail.com,(305) 201-3267
Bethany Goldner,alfredo.mante@yahoo.com,(339) 938-0851
Elisabeth Heidenreich,dwight.streich@gmail.com,(305) 200-0498
Scottie Littel,katia.bradtke@gmail.com,(973) 897-5131
Shenita Stanton,jeana.bartell@gmail.com,(305) 203-7994
Rolf Volkman,alec.hayes@gmail.com,(983) 898-4624
Josef Gleichner,connie.von@hotmail.com,(570) 884-9710
Lan Wiza,yael.haley@yahoo.com,(274) 235-2772
Corrina Christiansen MD,miguel.windler@gmail.com,(305) 342-4227
Miss Kirby Ryan,twila.dickens@yahoo.com,(305) 547-0287
Darrel Kutch,luci.glover@hotmail.com,(505) 644-6614
Taryn Buckridge,glen.schowalter@yahoo.com,(472) 404-5411
Sherika Murphy,todd.gusikowski@gmail.com,(918) 311-2713
Maryalice Beier,izetta.hilpert@hotmail.com,(305) 736-0400
Jamila Powlowski,reuben.welch@gmail.com,(505) 642-8245
Zella Glover,nickole.bartoletti@yahoo.com,(274) 234-5429
Mr. Louis Brown,junie.block@hotmail.com,(505) 572-5519
Horace Kuhn IV,enrique.hauck@gmail.com,(505) 641-7808
Royce McGlynn,sandra.kovacek@hotmail.com,(274) 208-8343
Connie Gerhold,maura.frami@yahoo.com,(870) 264-7271
Deedra Dietrich,tiny.nolan@gmail.com,(505) 658-0380
Jeanett Dicki,brad.zieme@gmail.com,(505) 941-7031
Lesli Hane,donna.kilback@yahoo.com,(505) 662-1241
Moises DuBuque PhD,lon.rodriguez@yahoo.com,(617) 408-2310
Kami Conroy IV,josephina.schroeder@yahoo.com,(983) 950-3284
Emmanuel Stamm,ted.kris@gmail.com,(305) 554-6682
Felipe Stokes,nicola.renner@gmail.com,(614) 323-3573
Darryl Legros,wilburn.funk@yahoo.com,(305) 212-2026
Mendy Pacocha,dung.green@hotmail.com,(505) 997-0165
Harvey Moore,bart.ankunding@hotmail.com,(407) 538-9962
Loan Yundt,mikel.rath@gmail.com,(305) 824-4449
Emerson Morar,gino.armstrong@yahoo.com,(505) 641-8028
Dr. George Ondricka,holly.oconnell@yahoo.com,(505) 438-8155
Rosalind Rice,akiko.breitenberg@gmail.com,(505) 642-8170
Miss Olen Wolff,edmond.kiehn@yahoo.com,(606) 541-3750
Marge Kiehn,sylvester.price@hotmail.com,(983) 976-2496
Leslie Schowalter,palmer.bergstrom@gmail.com,(305) 208-0196
Mr. Prince Torphy,richie.heathcote@gmail.com,(945) 558-4228
Lennie Haag,sonya.wehner@yahoo.com,(505) 666-2104
Ms. Nickolas Ward,shu.hirthe@yahoo.com,(540) 821-5922
Mike Lockman,tai.ritchie@hotmail.com,(731) 889-7148
Joaquin Wiegand,corliss.kris@hotmail.com,(472) 796-4236
Roosevelt Schimmel II,karine.bogan@yahoo.com,(505) 325-4391
Issac Durgan,hyman.watsica@yahoo.com,(472) 722-7374
Anibal Hermiston,heath.bauch@yahoo.com,(305) 793-0782
Mrs. Tod Glover,chrissy.waelchi@hotmail.com,(305) 910-3112
Salley Kub,ferdinand.koepp@hotmail.com,(505) 640-7966
Matt Runolfsdottir II,eveline.baumbach@gmail.com,(505) 613-6256
Cuc Towne,reyes.bosco@hotmail.com,(274) 287-2650
Tierra Heathcote I,jordon.wilkinson@yahoo.com,(845) 309-8735
Dwayne Cormier,franklin.olson@yahoo.com,(505) 462-6715
Kelle Baumbach,johnson.emard@hotmail.com,(472) 726-0235
Herb Gislason,francisco.franecki@yahoo.com,(505) 698-6854
Isaias Ritchie,arleen.hermann@yahoo.com,(505) 906-1600
Lashandra Steuber Jr.,rusty.okon@hotmail.com,(505) 643-0546
Madlyn Torphy,rodrick.marks@gmail.com,(682) 773-8188
Mariel Ruecker,eddie.stehr@yahoo.com,(274) 259-3008
Arleen Wiegand,raisa.beier@yahoo.com,(983) 860-9064
Rex Kessler,bea.pfeffer@hotmail.com,(615) 533-5176
Leslee Klein Jr.,aurora.tillman@hotmail.com,(983) 937-7101
Jake Crooks,maryetta.cassin@yahoo.com,(305) 264-2612
Jan Luettgen,julee.crooks@yahoo.com,(305) 740-1964
Yuki Waters,autumn.nolan@hotmail.com,(983) 488-6958
Magaly Donnelly,ray.green@yahoo.com,(505) 212-0735
Mr. Lewis Goldner,marget.oberbrunner@gmail.com,(305) 499-2397
Susana Schneider,hans.damore@yahoo.com,(305) 206-6193
Felix Bins,elsa.tillman@gmail.com,(274) 242-1937
Constance Fahey,michale.conroy@hotmail.com,(505) 648-6141
Wynell Considine,preston.runolfsson@yahoo.com,(983) 837-8610
Dana Welch,lauretta.cummings@hotmail.com,(534) 451-0361
Candi Schimmel IV,diedra.zieme@yahoo.com,(983) 964-4651
Marybelle Bogan,caleb.kirlin@yahoo.com,(505) 492-1556
Nancee Moen,phoebe.wolff@gmail.com,(305) 389-3413
Raymon Steuber,katharyn.walsh@hotmail.com,(505) 644-4062
Greg Parker,marilou.terry@hotmail.com,(305) 987-1381
Jose Harber V,waylon.predovic@gmail.com,(956) 625-5107
Rudy Schaefer,linwood.nikolaus@hotmail.com,(305) 203-4282
Georgianne Mayert IV,renaldo.weissnat@yahoo.com,(505) 383-0421
Miss Rolande Kirlin,geoffrey.leannon@hotmail.com,(305) 298-2988
Kirsten Hand,josefina.ward@hotmail.com,(678) 410-9443
Rosendo Weber IV,leisha.fisher@gmail.com,(505) 816-4707
Miss Nancey Waters,karissa.tillman@yahoo.com,(505) 643-4963
Tammera Monahan V,christal.bednar@hotmail.com,(305) 204-9001
Carson Satterfield,trey.mraz@yahoo.com,(505) 672-3355
Yong Beatty,esteban.trantow@hotmail.com,(472) 925-8486
Wilson Ernser,christian.bins@hotmail.com,(472) 219-9044
Mrs. Abdul Reynolds,taylor.hodkiewicz@hotmail.com,(274) 281-6932
Lucius Feeney,bryan.fahey@yahoo.com,(505) 715-4380
Andrew Crist,maybell.hand@hotmail.com,(305) 232-1918
Nova O'Kon,irene.wintheiser@hotmail.com,(305) 206-5436
Anastacia Bruen,rona.mcclure@hotmail.com,(510) 629-8197
Jaime Muller,del.padberg@gmail.com,(274) 287-5173
Mr. Abbie Harris,consuela.gutkowski@gmail.com,(472) 411-8326
Miss Shanell Lueilwitz,elsie.herman@hotmail.com,(983) 337-1507
Inocencia Kub,andria.kerluke@yahoo.com,(274) 242-3536
Joaquin Abernathy,kareem.gibson@yahoo.com,(754) 459-0132
Ernesto Murphy PhD,otha.bernier@yahoo.com,(253) 903-3995
Daryl Bosco,lonnie.kautzer@hotmail.com,(305) 244-1686
Miss Lorraine Cartwright,olevia.bradtke@gmail.com,(505) 604-4677
Latrina Boyer III,mauricio.klocko@gmail.com,(505) 641-3510
Lula Hettinger,tesha.kiehn@gmail.com,(472) 402-3678
Mickey Willms V,kathern.armstrong@yahoo.com,(505) 558-4358
Jarred Gibson,ngan.miller@hotmail.com,(385) 532-0942
Jacqui Predovic,ricky.crist@gmail.com,(757) 288-0880
Laquita Hermiston Jr.,cassaundra.okon@hotmail.com,(469) 708-2222
Shanti Greenfelder,chester.murphy@yahoo.com,(274) 279-8789
Barry Bradtke,shelley.reinger@gmail.com,(305) 988-6688
Jenniffer Huels Jr.,hugh.kiehn@yahoo.com,(507) 892-2361
Ayesha McDermott,ruthanne.kohler@hotmail.com,(274) 257-3300
Bobbie Ratke,keith.kirlin@yahoo.com,(305) 200-1101
Mrs. Sanford Hermiston,ta.hills@gmail.com,(816) 318-7993
Niesha Gulgowski,arnold.kohler@hotmail.com,(505) 643-7905
Lynna Grady,gilma.jakubowski@hotmail.com,(305) 229-6747
Mrs. Jewell Zulauf,oleta.bartell@gmail.com,(983) 903-4787
Ms. Randolph Runolfsson,pei.huels@gmail.com,(274) 258-6776
Norma Stracke,trent.nicolas@hotmail.com,(505) 617-6211
Miss Annett Hahn,stanford.lebsack@hotmail.com,(505) 358-8396
Bennie Kohler,yajaira.ziemann@yahoo.com,(274) 218-1164
Karl Kub,nichelle.boyle@yahoo.com,(305) 984-1437
Melia Cummings,kandra.krajcik@yahoo.com,(983) 295-2699
Emilie Schmitt,janeth.schmeler@gmail.com,(505) 845-7702
Benny Huel DDS,tamala.schmeler@yahoo.com,(274) 243-4063
Andria Heller,aida.tremblay@yahoo.com,(530) 584-9015
Chong Langosh,art.greenholt@hotmail.com,(505) 639-0486
Edwardo Schuppe PhD,sebastian.kilback@gmail.com,(305) 808-8150
Zenia Collier,therese.goyette@hotmail.com,(305) 202-0062
Joe Prohaska,joellen.treutel@gmail.com,(985) 468-8191
Delbert Stracke III,melany.shanahan@yahoo.com,(484) 413-4735
Mr. Lenny Waelchi,clayton.funk@gmail.com,(505) 640-6459
Elton Armstrong Sr.,bryon.mills@hotmail.com,(949) 609-4713
Haywood Beahan,bobbie.hill@yahoo.com,(472) 400-6037
Rachael McClure,astrid.bogan@hotmail.com,(983) 413-4383
Dana Schneider,kim.orn@gmail.com,(317) 205-9735
Hector Lynch,ines.fahey@hotmail.com,(458) 999-1404
Miss Jacinto Ward,matt.nitzsche@gmail.com,(302) 814-5549
Candra Emmerich,neville.abbott@gmail.com,(274) 260-7114
Leona Bailey DVM,mose.nicolas@gmail.com,(813) 697-1960
Teisha Lesch,omar.lehner@hotmail.com,(305) 312-5224
Aubrey Barton,johnny.bruen@yahoo.com,(983) 434-7825
Bryanna Padberg,devorah.daugherty@yahoo.com,(305) 238-7921
Lina Leannon,ira.rolfson@yahoo.com,(274) 289-7219
Jonathan Macejkovic I,raymond.mills@hotmail.com,(983) 301-8456
Dr. Juliane O'Reilly,rodrigo.grady@hotmail.com,(279) 438-2171
Frederick Schuppe I,denese.littel@gmail.com,(505) 210-3780
Shaun Marks,roland.rau@yahoo.com,(505) 629-9316
Dr. Shayla Fay,lawrence.sawayn@yahoo.com,(630) 978-3050
Marshall Moen,son.considine@gmail.com,(505) 641-4003
Nguyet Bashirian,avery.renner@yahoo.com,(940) 422-6028
Bart Frami II,kandy.hane@hotmail.com,(305) 430-3452
Stephan Anderson,melinda.schuster@hotmail.com,(305) 204-7376
Tessa Willms,shannan.sawayn@gmail.com,(505) 648-5279
Karyn Jacobi II,cassidy.sporer@yahoo.com,(305) 204-8955
Judi Ruecker,leanna.dickinson@hotmail.com,(631) 839-7097
Lurlene O'Conner,judson.kovacek@hotmail.com,(978) 362-9481
Arlie Kuphal,romeo.bartoletti@yahoo.com,(305) 208-0158
Bernardo Buckridge,brock.collier@gmail.com,(659) 652-6562
Ty Conn,shayne.treutel@hotmail.com,(857) 665-5532
Mr. Janey Koepp,constance.bahringer@gmail.com,(305) 960-3997
Ms. Sydney Grant,sonya.howe@yahoo.com,(505) 697-6348
Betty Toy,juan.beer@gmail.com,(305) 600-8339
Eloy Von,marianna.herzog@hotmail.com,(305) 406-4924
Kimberli Harris,ashlee.donnelly@hotmail.com,(505) 656-8452
Xiomara Hagenes,caridad.kassulke@yahoo.com,(952) 431-2319
Renaldo Haley,miki.leffler@gmail.com,(732) 418-9234
Casey Weimann III,pilar.turcotte@gmail.com,(520) 660-0462
Thaddeus Paucek,sheryll.daugherty@yahoo.com,(305) 283-3117
Abel Fay,kareen.runolfsson@gmail.com,(305) 203-2209
Zina Sanford,guadalupe.kessler@gmail.com,(305) 282-1080
Malik Volkman,karyl.schuster@yahoo.com,(274) 263-4081
Ms. Hassan Schneider,reva.osinski@yahoo.com,(305) 293-9193
Dr. Buffy Okuneva,mariano.macgyver@gmail.com,(305) 206-7577
Rosendo White,lucille.reichel@hotmail.com,(505) 604-5176
Gregoria Wuckert,dorthy.leannon@gmail.com,(815) 492-7187
Brock Pfeffer,jeanna.fay@yahoo.com,(762) 959-1233
Jinny Schaefer PhD,chung.huel@hotmail.com,(983) 755-5854
Miss Clark Hodkiewicz,delois.feil@hotmail.com,(305) 266-1494
Bailey Roberts,otto.langosh@gmail.com,(256) 889-8689
Theresia Langworth Jr.,petronila.nicolas@hotmail.com,(305) 202-9814
Hong Fahey Sr.,sylvie.osinski@yahoo.com,(305) 299-4447
Larry Ankunding,enrique.white@hotmail.com,(305) 844-1133
Marinda Schaden,tyisha.beier@hotmail.com,(401) 227-2739
Gale Stamm,jordon.kub@hotmail.com,(983) 842-3940
Ahmed Emmerich PhD,marilu.kovacek@hotmail.com,(274) 262-6500
Adelia Walker DDS,ingeborg.botsford@gmail.com,(303) 775-4173
Sang Nicolas,abel.jacobi@hotmail.com,(305) 255-8849
Ms. Orlando Brakus,crystal.runolfsson@hotmail.com,(505) 630-8324
Frances Schmitt,debora.tillman@yahoo.com,(305) 201-6834
Anabel Kertzmann,kathrine.lockman@gmail.com,(472) 259-0363
Dewey Beatty,hattie.jakubowski@yahoo.com,(305) 202-9670
Kortney Gusikowski,sudie.rolfson@gmail.com,(505) 620-6688
Fermin Orn,palmer.casper@hotmail.com,(346) 422-1940
Tommye Hartmann,christopher.thompson@gmail.com,(472) 715-2028
Kenna McClure Sr.,alberto.bosco@yahoo.com,(678) 473-1544
Miss Serafina Lebsack,marylyn.mohr@gmail.com,(274) 216-6129
Maryjane Kirlin,walker.watsica@yahoo.com,(470) 261-9713
Vernon Barton,kimberley.rodriguez@yahoo.com,(305) 277-7739
Benedict Abbott,alexia.boehm@hotmail.com,(505) 662-2510
Norene Hoeger,denny.hintz@yahoo.com,(305) 200-3435
Jackson Wilderman,sally.kassulke@hotmail.com,(305) 379-0504
Gita O'Hara,trent.kreiger@hotmail.com,(448) 573-6742
Lashaun Rohan,sam.reichert@hotmail.com,(305) 240-7586
Julissa Smitham,fran.satterfield@yahoo.com,(274) 227-8817
Yuri Wiegand PhD,jared.west@gmail.com,(826) 821-7600
Pinkie Haag,marget.nienow@gmail.com,(702) 796-3245
Calvin Fadel,jacqueline.pouros@hotmail.com,(234) 225-1543
Mrs. Dewey Bechtelar,ronald.harvey@yahoo.com,(305) 271-0236
Bradly Kohler,luz.barton@yahoo.com,(505) 209-4510
Colton Stroman,daniela.morar@gmail.com,(773) 455-1860
Margarete Lowe V,solange.beatty@yahoo.com,(747) 290-5961
Harry Breitenberg,larry.ryan@yahoo.com,(785) 447-3217
Cristin Schuster,daina.kub@hotmail.com,(472) 213-3416
Eugene Schumm,roosevelt.wiegand@hotmail.com,(983) 321-1742
Hisako Kulas PhD,georgeanna.braun@hotmail.com,(505) 648-0022
Taylor Beer,german.moore@yahoo.com,(305) 210-5283
Tonia Smith III,burl.schumm@gmail.com,(305) 276-3884
Lance Wolf,gianna.pagac@gmail.com,(505) 642-9219
Jae Jacobi,jeneva.keeling@gmail.com,(472) 900-0959
Dane Sawayn,avery.larkin@gmail.com,(505) 643-8592
Ms. Irving Lemke,elvin.lehner@gmail.com,(305) 206-2250
Cammy Herzog,silvia.will@yahoo.com,(931) 790-6809
Mikel Koepp III,chet.smith@gmail.com,(305) 293-6818
Mrs. Sal Bailey,timothy.nikolaus@hotmail.com,(505) 642-3339
Hugo Leffler,damon.pollich@yahoo.com,(505) 646-7388
Ms. Omar Wehner,jenifer.ebert@hotmail.com,(983) 322-4135
Dedra Littel,ashlee.herzog@yahoo.com,(305) 260-9028
Jewell Okuneva PhD,stephenie.koch@gmail.com,(557) 452-3692
Suk Kihn,carter.murazik@hotmail.com,(472) 257-7210
Houston Upton,gale.franecki@yahoo.com,(586) 904-3542
Deeanna Kiehn,eliza.heaney@gmail.com,(983) 875-3406
Jonah O'Reilly,micah.ortiz@hotmail.com,(274) 265-9080
Mr. Porfirio Dicki,joesph.ullrich@yahoo.com,(727) 593-5462
Vernia Ankunding,horacio.lesch@gmail.com,(305) 428-6854
George Funk,merlin.rodriguez@hotmail.com,(940) 576-7870
Mr. Hyman Conroy,wilbert.kuvalis@hotmail.com,(305) 207-5773
Yuko Kirlin,edelmira.cremin@yahoo.com,(274) 288-1665
Ruth Altenwerth,lorriane.kshlerin@hotmail.com,(341) 883-2571
Norris Skiles,mauricio.huel@yahoo.com,(269) 254-8967
Vince Walsh,berta.walter@hotmail.com,(305) 638-0487
Toney Greenfelder,gertha.senger@yahoo.com,(901) 482-7586
Nancie Greenholt,chae.huel@gmail.com,(740) 455-3036
Vinita Ortiz,agustin.johnson@yahoo.com,(505) 676-8284
Shawnee Schowalter,marlon.oconnell@yahoo.com,(305) 653-6128
Coy Orn,winford.skiles@yahoo.com,(305) 205-1149
Roberto Fisher,william.boehm@hotmail.com,(505) 385-1695
Peter Casper II,kacy.herzog@hotmail.com,(505) 494-0369
Deonna Muller,genie.johnson@hotmail.com,(505) 699-8987
Nicolette Schultz IV,charley.zieme@gmail.com,(472) 834-0821
Adrian Wisozk IV,leon.toy@gmail.com,(505) 687-0350
Talisha Stokes I,karol.lubowitz@yahoo.com,(520) 246-3132
Nolan Feil,norman.tromp@yahoo.com,(283) 909-2138
Vina Senger,guillermo.considine@yahoo.com,(480) 728-6135
Leonel Braun,alan.mann@yahoo.com,(472) 297-2016
Janyce Greenholt,raul.wisoky@hotmail.com,(630) 328-1926
Darryl Kunde,amos.lockman@gmail.com,(305) 222-7593
Caleb Parker IV,deon.braun@gmail.com,(316) 368-6788
Walter Torp,candis.macgyver@hotmail.com,(305) 993-4864
Wilburn Rogahn,lani.abernathy@gmail.com,(305) 554-6510
Kirby Sipes,rosie.gerhold@hotmail.com,(983) 809-4086
Tamar Moen,rozella.kunze@hotmail.com,(505) 636-3565
Miss Rosalia Gottlieb,goldie.kiehn@yahoo.com,(505) 641-9010
Mireya Rutherford,jessia.connelly@hotmail.com,(678) 640-4801
Ms. Stacy Heaney,freddy.sporer@gmail.com,(305) 280-6648
Rufus Ebert,marvel.barton@hotmail.com,(472) 240-8812
Waylon Brekke Sr.,leo.brekke@gmail.com,(631) 979-9563
Dominic Wolff,tanya.christiansen@gmail.com,(505) 642-5046
