名字, Email, 電話號碼
Devorah Goldner,isabella.nikolaus@yahoo.com,(380) 835-9823
Lane McKenzie,wendell.murray@gmail.com,(505) 615-6283
Melanie Schaden,shane.lindgren@yahoo.com,(983) 949-7085
Mayra Hintz,ebonie.harris@yahoo.com,(274) 269-8050
Timothy Hagenes,pei.veum@yahoo.com,(305) 206-8157
Terresa O'Kon,dwayne.marks@hotmail.com,(274) 200-7796
Freddie Ratke,santos.reichel@gmail.com,(305) 559-7091
Boyd Bruen,glenn.schuppe@gmail.com,(812) 943-1796
Gary Hagenes,gary.cummings@gmail.com,(531) 563-2587
Armando Ferry,jettie.mayer@gmail.com,(305) 375-9369
Mai Morissette,lee.gutmann@hotmail.com,(505) 642-4077
Alice Marquardt III,randolph.gulgowski@hotmail.com,(407) 686-7047
Sebastian Medhurst,venita.connelly@yahoo.com,(505) 936-2797
Rosaria Strosin,danette.koelpin@hotmail.com,(929) 580-2790
Terisa Walter,isidra.grimes@yahoo.com,(505) 982-1586
Tiara Jacobson,zachery.hayes@yahoo.com,(903) 634-2068
Phyllis Lang,margret.prohaska@hotmail.com,(305) 229-5934
Trish Lakin,loris.stiedemann@gmail.com,(305) 201-7975
Kira Bergstrom,coy.denesik@gmail.com,(305) 203-8300
Truman Wunsch,audrey.lind@gmail.com,(305) 325-4449
Norbert Hessel,shelley.grant@gmail.com,(463) 827-9594
Levi McClure,johnie.wisoky@hotmail.com,(305) 207-1019
Cristina Kiehn,genna.dickens@yahoo.com,(472) 739-6340
Miss Wiley Rice,kenna.zemlak@hotmail.com,(770) 368-3599
Nickole Medhurst,anjanette.lueilwitz@yahoo.com,(413) 500-2419
Ms. Ronnie Tremblay,eugene.doyle@hotmail.com,(505) 646-3197
William Heidenreich,aaron.breitenberg@hotmail.com,(513) 714-7152
Bobette Dicki Sr.,elbert.sipes@hotmail.com,(531) 330-1172
Henry Schamberger,stevie.mosciski@gmail.com,(274) 244-5685
Rolland Shields,tara.roberts@yahoo.com,(505) 610-5926
Chung Smith,yen.ziemann@hotmail.com,(678) 762-5719
Leonor Lemke,loretta.cormier@gmail.com,(305) 207-2734
Lyndon Harris PhD,danilo.lehner@hotmail.com,(983) 409-8221
Dr. Refugio Spinka,leo.hoeger@gmail.com,(505) 640-6264
Leana Brown,mi.klein@gmail.com,(878) 690-1042
Maisha Glover Jr.,andres.goldner@hotmail.com,(479) 519-0136
Ms. Evangeline Goldner,pura.brakus@gmail.com,(505) 738-0950
Sherill Pfannerstill,cecil.miller@yahoo.com,(279) 219-6399
Ami Davis,george.doyle@gmail.com,(269) 263-0409
Mrs. Hermina Jast,dianne.davis@hotmail.com,(539) 664-1145
Mauro Padberg,wes.runolfsson@gmail.com,(305) 281-5544
Don Gaylord MD,isaias.herzog@hotmail.com,(305) 634-6959
Dr. Mike Schneider,nina.upton@gmail.com,(305) 248-2431
Jessica Simonis MD,wendolyn.vandervort@gmail.com,(856) 973-4434
Sandy D'Amore,arlie.ferry@yahoo.com,(505) 389-2222
Ollie Kunde,buford.gislason@yahoo.com,(305) 248-0510
Carson Corkery,jay.kohler@hotmail.com,(582) 528-0771
Ralph Dickens,andrew.mosciski@yahoo.com,(305) 231-5009
Kraig Prosacco,demetrius.prohaska@gmail.com,(505) 643-7012
Cristopher Bogan Jr.,owen.douglas@gmail.com,(472) 910-7053
Ms. Bunny Koss,winter.corkery@hotmail.com,(472) 790-2519
Cherlyn Pagac II,noe.vonrueden@hotmail.com,(983) 295-6428
Erline Blick,tammera.mante@hotmail.com,(951) 859-3083
Marlena Sporer,demetrice.sporer@hotmail.com,(505) 641-6464
Curt Stiedemann,winter.runolfsdottir@hotmail.com,(505) 643-0033
Mrs. Agatha Erdman,lenard.mueller@hotmail.com,(472) 765-7316
Miyoko Harvey,arlena.mertz@gmail.com,(469) 515-3371
Lane Greenfelder,edwin.abernathy@gmail.com,(305) 265-8683
Floyd Mitchell,talia.walker@yahoo.com,(505) 601-3282
Lelah Bartell,andres.terry@yahoo.com,(305) 570-4522
Rusty Rice,bryce.rowe@hotmail.com,(734) 484-4357
Andres Ryan,vivan.cormier@yahoo.com,(505) 618-5870
Porter Gibson,jose.bauch@yahoo.com,(505) 644-4228
Harlan Emmerich,alvin.bins@hotmail.com,(870) 704-5887
Eilene Smitham DDS,bruno.wolf@yahoo.com,(305) 256-7576
Len Renner,gordon.crona@gmail.com,(505) 669-1120
Bryant Graham,anthony.gutkowski@yahoo.com,(305) 244-1300
Angila Paucek,cleveland.conroy@yahoo.com,(505) 646-9718
Missy Murphy Jr.,jarred.simonis@hotmail.com,(903) 303-0177
Staci Towne,caroyln.homenick@hotmail.com,(305) 210-7396
Jesusita Monahan,libbie.oconner@gmail.com,(305) 200-5174
Muriel Hammes PhD,kirstie.schmeler@gmail.com,(305) 733-5876
Wm Quitzon,vonnie.hodkiewicz@hotmail.com,(305) 201-1207
Orville Bednar,nathaniel.reichert@yahoo.com,(305) 265-5376
Richard Braun,stacey.hammes@hotmail.com,(754) 449-1438
Edison Grimes MD,alta.oconner@yahoo.com,(505) 643-4056
Mariann Swift,flo.corwin@gmail.com,(505) 646-8531
Robbin Corkery Jr.,gilberte.monahan@yahoo.com,(505) 832-2985
Margit Nader,vaughn.armstrong@yahoo.com,(274) 278-8542
Gerald Paucek,calista.funk@hotmail.com,(870) 294-0444
Allie Schuster DDS,randell.braun@hotmail.com,(305) 200-0300
Marshall Huel,,(860) 904-9523
Joetta Mraz,lyle.collins@hotmail.com,(472) 838-2835
Lupita Hegmann,leda.paucek@gmail.com,(564) 862-6243
Ms. Winfred Stehr,harland.jenkins@gmail.com,(274) 217-2169
Miles Labadie,renee.tromp@hotmail.com,(443) 377-0010
Becky Boyle III,alexandra.cronin@gmail.com,(505) 658-7519
Tesha Trantow V,hollis.hettinger@hotmail.com,(534) 530-8643
Tarah Stokes DVM,annabell.mckenzie@hotmail.com,(651) 574-0925
Concha Herman,danial.stehr@yahoo.com,(305) 208-6776
Velda Littel,bryan.mcclure@hotmail.com,(305) 224-3700
Gerda Johnson,erwin.lockman@gmail.com,(505) 688-5666
Queen Ferry,louie.connelly@yahoo.com,(305) 946-8717
Kasha Hand,fidelia.wilkinson@yahoo.com,(305) 342-6850
Tifany Will,tonisha.littel@gmail.com,(505) 646-0612
Mr. Haywood Rohan,manuel.bernhard@hotmail.com,(305) 258-1289
Glennis Kautzer II,gaylord.rolfson@yahoo.com,(248) 311-6661
Mr. Filiberto Huel,allena.homenick@gmail.com,(775) 260-6106
Garth Larson,verlie.dibbert@gmail.com,(623) 215-5340
Miss Jamaal Predovic,bryon.thiel@hotmail.com,(305) 278-8062
